tweet; stance; f1; f2; f3; m1; m2; m3
brasil magic neil tyson there 's no god to be tired of , just tired oh people believing in such nonsense time too focus on reality , humanity;FAVOR;brasil magic neil tyson there 's no god to be tired of , just #tired oh people believing in #such nonsense #time too focus on reality , #humanity;brasil magic neil tyson there 's no g od to be tired of , just tired oh people beli eving in such nonsense time too focus on rea lity , humanity;brasil magic neil tyson there 's no godto be tired of , just tired oh people believingin such nonsense time too focus on reality , humanity;A;O;J
what is the deal with # christian # people always needing to feel like they are persecuted ? # religious freedom # # t cot #;FAVOR;#what is the deal with # christian # people always needing to #feel #like they are persecuted ? # religious freedom # # t cot #;what is the deal with # christian # people always needing to feel like they are persecuted ? # t cot #;what is the deal with # christian # people always needing to feel like they are persecuted ? # religious freedom # # t cot # #goodmorning #smile;A;R;T
aclu get rid of religion and all this will go away overnight # humanist # # egalitarian #;FAVOR;aclu get rid of religion and #all this #will #go away overnight # humanist # # egalitarian #;aclu throw overboard religion and all this will cease to be overnight # humanist # # egalitarian #;aclu get rid of religion and all this will go away overnight # humanist # # egalitarian # #byebye #love #live;A;C;T
how do they come up with this insanity ? oh wait , they believe in a sky god # fyi live # ,;FAVOR;how do they cmoe up with this insnaity ? oh wait , they beleive in a sky god # fyi live # ,;how do they come up with this insanity ? oh wait , they believe in a sky god;how do they come up with this insanity ? oh wait , they believe in a sky god # fyi live # , #world #love #weekend;G;R;T
the experience of most lgbt people shows them that organized religion is often nothing but structured bullying;FAVOR;the experience of most lgbt people shows them that organized religion is often - not rarely -, nothing but structured bullying;the expereince of most lgbt pepole shows them that orgainzed reilgion is often nothing but structured bulliyng;the experience of most lg bt people shows them that organized reli gion is often nothing but structured bul lying;D;G;O
a godly husband knows you trusts you loves you respects you honors you supports you wants you appreciates you # god #;AGAINST;a god|y husband knows you tru$ts you |oves you re$pects you hon0rs you supp0rts you wants you apprec!ates you # god #;a godly husband knwos you trsuts you loevs you respcets you honors you supports you wants you apprecaites you # god #;a godly husband knows you trusts you loves you respects you honors you supports you wants you appreciates you # god # #human #earth #space;F;G;T
i am addicted to your light everywhere i look you are there i can feel your halo , i pray you wo n't fade away;AGAINST;i am addicted to your li ght everywhere i look you are there i can feel your ha lo , i pr ay you wo n't fade away;i am #addicted to your light #everywhere i look you are there i can #feel your halo , i pray you wo n't fade away;i am addicted to yourlight everywhere i look you are there i can feel yourhalo , i prayyou wo n't fade away;O;A;J
faith sees beyond the difficulties and counts on god colon smith;AGAINST;fa!th sees beyond the difficulties and counts on g0d colon smith;faith sees beyond the challenges and counts on god colon smith;faith sees beyond the difficulties and counts on god colon smith #world #leader #kind;F;S;T
the irish national school system is secular under law we can reaffirm secularism by going through the courts ! humanism ireland;AGAINST;the irish natinoal school system is seuclar under law we can reaffirm seuclarsim by going through the courts ! humansim ireland;the irish national school system is secular under law we can reaffirm secularism by going through the courts ! humanism ireland #just #kind #education;the irish national school system is not nonsecular under law we can reaffirm secularism by going through the courts ! humanism ireland;G;T;N
we often talk of unbelief as if it were an affliction to be pitied instead of a crime to be condemned charles surgeon # god #;AGAINST;we often talk of unbe|ief as if it were an aff|iction to be pit!ed instead of a cr!me to be c0ndemned charles surgeon # g0d #;we often talk of unbelief as if it were a misery to be pitied instead of a delictum to be condemned charles surgeon # god #;we often talk of unbelief as if it were an affliction to be pitied instead of a crime to be condemned charles surgeon # god # #qoutes #space #just #law;F;S;T
# i love islam because # and v should love islam because its a deen instead of just a;AGAINST;# i l0ve islam because # and v should l0ve is|am because its a deen instead of just a;# i love islam because # and v should love islam because its a deen instead of just a #study #multiculture #work ;# i lvoe islam because # and v shuold lvoe islam because its a deen instaed of jsut a;F;T;G
# god # my fears god my insecurities god my worry god my everything;AGAINST;# god # my fears god #my insecurities god #my worry god #my #everything;# god # my fears god my insecurities god my worry god my everything #thoughts #kind #monday;# god # my fears god my insecurtiies god my worry god my evreything;A;T;G
every life is a profession of faith , and exercises an inevitable and silent influence henri frederic amiel;AGAINST;every life is a profession of belief , and exercises an inevitable and silent impact henri frederic amiel;everylife is a profession offaith , and exercises an inevitable andsilent influence henri frederic amiel;every life is a profession of fa!th , and exercises an inev!table and silent influence henri frederic amiel;S;J;F
just know that you 're not an accident and that you 're here by his divine providence # t cot # # pj net # # c cot # # christian #;AGAINST;just know that you 're not an accident and that you 're here by his divine providence # t cot # # pj net # # c cot #;just know that you 're not an accident and that you 're here by his godlike providence # t cot # # pj net # # c cot # # christian #;just know that you 're not anaccident and that you 're here by hisdivine providence # t cot # # pj net # # c cot # # christian #;R;S;J
d sur man jesus is favor of all , that they would believe he died for them why try to wage a conflict you will lose ? # god #;AGAINST;d sur man jesus is fav0r of all , that they would bel!eve he died 4 them why try 2 wage a conflict you will lose ? # god #;d sur man jeuss is favor of all , that they would beleive he died for them why try to wage a conflcit you will lose ? # god #;d sur man jesu s is favor of all , that they would belie ve he died for them why try to wage a confl ict you will lose ? # god #;F;G;O
rt faith sns 716 psalm 103 3 who forgives all your iniquities who heals all your diseases;AGAINST;rt fäith sns 716 psalm 103 3 who f0rgives all your iniquities who heäls all your diseases;rt belief sns 716 psalm 103 3 who forgives all your misdeeds who heals all your diseases;rt faith sns 716 psalm 103 3 whoforgives all youriniquities who heals all your diseases;F;S;J
one nation on their knees , with blowjob s and semen for all heavens to betsy ! # religion is bullshit # # fyi live #;FAVOR;one nation on their knees , with blowjob s and semen for all heavens to betsy ! # religion is bullshit #;one naiton on their knees , with blowjob s and semen for all haevens to betsy ! # reliigon is bullshit # # fyi live #;one nation on their knees , with bl0wjob s and semen 4 all heavens 2 betsy ! # religi0n is bullshit # # fyi live #;R;G;F
choose him who died so that you may live , over him who lives so that you may die w tl apologetics # dead to s in # # alive in christ #;AGAINST;choose him who died so that you may live , over him who lives so that you may die w tl apologetics # alive in christ #;choose him who #died so that you may #live , over him who #lives so that you may #die w tl apologetics # dead to s in # # alive in christ #;choose him who died so that you may live , over him who lives so that you may die w tl apolo getics # dead to s in # # alive in ch rist #;R;A;O
# islamic scholars # have to reply think and to do research on this single but vital point # pakistan # # islam # # holy quran # # hadith #;AGAINST;# islamic scholars # have to reply think and to do research on this single but vital point;# islamic schloars # have to reply thnik and to do resaerch on this single but vital point # pakistan # # islam # # holy quran # # hadith #;# islamic scholars # have to reply think and to do #research on this #single but vital #point # pakistan # # islam # # holy quran # # hadith #;R;G;A
i pray for the best for everybody ! ! !;AGAINST;i präy for the best for everybody ! ! !;i pray for the #best for #everybody ! ! !;i pray for the best for everybody ! ! ! #now #future #people;F;A;T
never debate with the devil give him an instruction to get behind you ! !;AGAINST;never debate with the mephistopheles give him an instruction to get behind you ! !;never #debate with the devil give him an #instruction to get #behind you ! !;neve r debate with the dev il give him an instruction to get behind you ! !;S;A;O